{"cameraMode":{"drawMode":0,"name":"Shaded","section":"Shading Mode"},"sceneLighting":true,"audioPlay":false,"sceneViewState":{"m_AlwaysRefresh":false,"showFog":true,"showSkybox":true,"showFlares":true,"showImageEffects":true,"showParticleSystems":true,"showVisualEffectGraphs":true,"m_FxEnabled":true},"in2DMode":false,"pivot":{"x":2.354635238647461,"y":-0.03169846534729004,"z":-0.17992019653320313},"rotation":{"x":0.0677867978811264,"y":0.16949878633022309,"z":-0.011606299318373204,"w":0.9833787679672241},"size":4.156484603881836,"orthographic":false}